"Stichtag";"Stadtbezirk_ID";"Stadtbezirk_Name";"Stadtteil_ID";"Stadtteil_Name";"deutsch";"davon deutsch mit 2. StA";"nichtdeutsch"
"31.12.2025";1;"Mitte";15;"Feldmark";8167;1507;2822
"31.12.2025";1;"Mitte";14;"Bulmke-Hüllen";16265;4966;10296
"31.12.2025";1;"Mitte";13;"Bismarck";11894;2739;4429
"31.12.2025";1;"Mitte";11;"Schalke";13069;4092;9395
"31.12.2025";1;"Mitte";16;"Heßler";4734;683;960
"31.12.2025";1;"Mitte";12;"Schalke-Nord";2484;568;2031
"31.12.2025";1;"Mitte";10;"Altstadt";5741;1800;4846
"31.12.2025";2;"Nord";21;"Scholven";7658;1357;1734
"31.12.2025";2;"Nord";20;"Buer";27722;4857;5059
"31.12.2025";2;"Nord";22;"Hassel";11743;2882;3906
"31.12.2025";3;"West";31;"Beckhausen";11986;2370;2445
"31.12.2025";3;"West";30;"Horst";15141;3655;5788
"31.12.2025";4;"Ost";41;"Resse";10734;1443;1295
"31.12.2025";4;"Ost";40;"Erle";21326;3225;3811
"31.12.2025";4;"Ost";42;"Resser Mark";3088;291;336
"31.12.2025";5;"Süd";52;"Rotthausen";9701;1851;4852
"31.12.2025";5;"Süd";51;"Ückendorf";14607;2989;6298
"31.12.2025";5;"Süd";50;"Neustadt";2649;1042;2075
"30.09.2025";1;"Mitte";10;"Altstadt";5677;1725;4853
"30.09.2025";1;"Mitte";15;"Feldmark";8180;1480;2877
"30.09.2025";1;"Mitte";14;"Bulmke-Hüllen";16311;4903;10258
"30.09.2025";1;"Mitte";13;"Bismarck";11944;2746;4439
"30.09.2025";1;"Mitte";11;"Schalke";13174;4086;9390
"30.09.2025";1;"Mitte";16;"Heßler";4739;688;965
"30.09.2025";1;"Mitte";12;"Schalke-Nord";2527;565;2012
"30.09.2025";2;"Nord";22;"Hassel";11667;2817;3964
"30.09.2025";2;"Nord";21;"Scholven";7623;1358;1718
"30.09.2025";2;"Nord";20;"Buer";27753;4808;5077
"30.09.2025";3;"West";30;"Horst";15189;3616;5715
"30.09.2025";3;"West";31;"Beckhausen";12003;2345;2401
"30.09.2025";4;"Ost";41;"Resse";10736;1441;1297
"30.09.2025";4;"Ost";40;"Erle";21318;3175;3753
"30.09.2025";4;"Ost";42;"Resser Mark";3084;273;329
"30.09.2025";5;"Süd";51;"Ückendorf";14592;2941;6305
"30.09.2025";5;"Süd";50;"Neustadt";2662;1034;2106
"30.09.2025";5;"Süd";52;"Rotthausen";9727;1824;4813
"30.06.2025";1;"Mitte";10;"Altstadt";5759;1714;4908
"30.06.2025";1;"Mitte";12;"Schalke-Nord";2562;565;2063
"30.06.2025";1;"Mitte";15;"Feldmark";8217;1461;2893
"30.06.2025";1;"Mitte";14;"Bulmke-Hüllen";16416;4862;10342
"30.06.2025";1;"Mitte";13;"Bismarck";11988;2724;4461
"30.06.2025";1;"Mitte";11;"Schalke";13212;4037;9541
"30.06.2025";1;"Mitte";16;"Heßler";4763;685;971
"30.06.2025";2;"Nord";22;"Hassel";11720;2801;3999
"30.06.2025";2;"Nord";21;"Scholven";7627;1340;1757
"30.06.2025";2;"Nord";20;"Buer";27762;4753;5112
"30.06.2025";3;"West";31;"Beckhausen";11988;2297;2408
"30.06.2025";3;"West";30;"Horst";15255;3580;5643
"30.06.2025";4;"Ost";40;"Erle";21467;3155;3820
"30.06.2025";4;"Ost";42;"Resser Mark";3082;269;314
"30.06.2025";4;"Ost";41;"Resse";10747;1411;1289
"30.06.2025";5;"Süd";52;"Rotthausen";9735;1777;4846
"30.06.2025";5;"Süd";51;"Ückendorf";14640;2883;6377
"30.06.2025";5;"Süd";50;"Neustadt";2668;1023;2163
"31.03.2025";1;"Mitte";13;"Bismarck";11997;2699;4471
"31.03.2025";1;"Mitte";11;"Schalke";13242;3978;9526
"31.03.2025";1;"Mitte";16;"Heßler";4757;670;962
"31.03.2025";1;"Mitte";12;"Schalke-Nord";2530;550;2097
"31.03.2025";1;"Mitte";10;"Altstadt";5757;1690;4918
"31.03.2025";1;"Mitte";15;"Feldmark";8241;1453;2876
"31.03.2025";1;"Mitte";14;"Bulmke-Hüllen";16454;4811;10358
"31.03.2025";2;"Nord";21;"Scholven";7662;1350;1749
"31.03.2025";2;"Nord";20;"Buer";27833;4704;5113
"31.03.2025";2;"Nord";22;"Hassel";11711;2762;4012
"31.03.2025";3;"West";31;"Beckhausen";11974;2263;2390
"31.03.2025";3;"West";30;"Horst";15254;3561;5679
"31.03.2025";4;"Ost";41;"Resse";10709;1377;1267
"31.03.2025";4;"Ost";40;"Erle";21525;3125;3847
"31.03.2025";4;"Ost";42;"Resser Mark";3056;263;300
"31.03.2025";5;"Süd";52;"Rotthausen";9741;1730;4863
"31.03.2025";5;"Süd";51;"Ückendorf";14689;2852;6373
"31.03.2025";5;"Süd";50;"Neustadt";2674;1009;2151
"31.12.2024";1;"Mitte";10;"Altstadt";5787;1673;4896
"31.12.2024";1;"Mitte";14;"Bulmke-Hüllen";16467;4738;10330
"31.12.2024";1;"Mitte";13;"Bismarck";12061;2694;4496
"31.12.2024";1;"Mitte";11;"Schalke";13281;3923;9518
"31.12.2024";1;"Mitte";16;"Heßler";4763;669;921
"31.12.2024";1;"Mitte";12;"Schalke-Nord";2517;535;2071
"31.12.2024";1;"Mitte";15;"Feldmark";8269;1445;2850
"31.12.2024";2;"Nord";22;"Hassel";11718;2734;4022
"31.12.2024";2;"Nord";21;"Scholven";7648;1334;1738
"31.12.2024";2;"Nord";20;"Buer";27892;4673;5103
"31.12.2024";3;"West";31;"Beckhausen";11992;2237;2384
"31.12.2024";3;"West";30;"Horst";15262;3524;5642
"31.12.2024";4;"Ost";41;"Resse";10720;1358;1241
"31.12.2024";4;"Ost";40;"Erle";21623;3092;3867
"31.12.2024";4;"Ost";42;"Resser Mark";3064;261;290
"31.12.2024";5;"Süd";51;"Ückendorf";14745;2824;6414
"31.12.2024";5;"Süd";50;"Neustadt";2667;991;2180
"31.12.2024";5;"Süd";52;"Rotthausen";9766;1689;4894
"30.09.2024";1;"Mitte";10;"Altstadt";5819;1671;4827
"30.09.2024";1;"Mitte";11;"Schalke";13266;3880;9368
"30.09.2024";1;"Mitte";16;"Heßler";4785;676;920
"30.09.2024";1;"Mitte";12;"Schalke-Nord";2537;535;2146
"30.09.2024";1;"Mitte";15;"Feldmark";8244;1415;2813
"30.09.2024";1;"Mitte";14;"Bulmke-Hüllen";16472;4682;10241
"30.09.2024";1;"Mitte";13;"Bismarck";12056;2646;4464
"30.09.2024";2;"Nord";21;"Scholven";7700;1333;1751
"30.09.2024";2;"Nord";22;"Hassel";11702;2708;3977
"30.09.2024";2;"Nord";20;"Buer";27884;4615;5065
"30.09.2024";3;"West";31;"Beckhausen";11994;2219;2326
"30.09.2024";3;"West";30;"Horst";15346;3473;5547
"30.09.2024";4;"Ost";40;"Erle";21687;3055;3852
"30.09.2024";4;"Ost";42;"Resser Mark";3071;247;283
"30.09.2024";4;"Ost";41;"Resse";10696;1337;1236
"30.09.2024";5;"Süd";51;"Ückendorf";14754;2796;6390
"30.09.2024";5;"Süd";50;"Neustadt";2665;980;2212
"30.09.2024";5;"Süd";52;"Rotthausen";9753;1659;4839
"30.06.2024";1;"Mitte";10;"Altstadt";5822;1635;4752
"30.06.2024";1;"Mitte";15;"Feldmark";8220;1401;2794
"30.06.2024";1;"Mitte";14;"Bulmke-Hüllen";16519;4656;10103
"30.06.2024";1;"Mitte";13;"Bismarck";12082;2608;4433
"30.06.2024";1;"Mitte";11;"Schalke";13337;3825;9314
"30.06.2024";1;"Mitte";16;"Heßler";4783;667;914
"30.06.2024";1;"Mitte";12;"Schalke-Nord";2542;526;2113
"30.06.2024";2;"Nord";21;"Scholven";7709;1315;1712
"30.06.2024";2;"Nord";20;"Buer";27902;4560;5008
"30.06.2024";2;"Nord";22;"Hassel";11707;2675;3959
"30.06.2024";3;"West";31;"Beckhausen";11981;2185;2295
"30.06.2024";3;"West";30;"Horst";15337;3431;5494
"30.06.2024";4;"Ost";41;"Resse";10680;1313;1247
"30.06.2024";4;"Ost";40;"Erle";21699;3016;3843
"30.06.2024";4;"Ost";42;"Resser Mark";3071;236;269
"30.06.2024";5;"Süd";52;"Rotthausen";9741;1635;4892
"30.06.2024";5;"Süd";51;"Ückendorf";14723;2752;6275
"30.06.2024";5;"Süd";50;"Neustadt";2645;958;2190
"31.03.2024";1;"Mitte";12;"Schalke-Nord";2584;542;2138
"31.03.2024";1;"Mitte";10;"Altstadt";5876;1631;4719
"31.03.2024";1;"Mitte";15;"Feldmark";8245;1384;2811
"31.03.2024";1;"Mitte";14;"Bulmke-Hüllen";16559;4611;10119
"31.03.2024";1;"Mitte";13;"Bismarck";12095;2566;4392
"31.03.2024";1;"Mitte";11;"Schalke";13314;3747;9304
"31.03.2024";1;"Mitte";16;"Heßler";4771;654;921
"31.03.2024";2;"Nord";22;"Hassel";11677;2636;3874
"31.03.2024";2;"Nord";21;"Scholven";7737;1304;1730
"31.03.2024";2;"Nord";20;"Buer";27939;4511;5014
"31.03.2024";3;"West";31;"Beckhausen";12030;2178;2298
"31.03.2024";3;"West";30;"Horst";15343;3382;5458
"31.03.2024";4;"Ost";40;"Erle";21719;2986;3802
"31.03.2024";4;"Ost";42;"Resser Mark";3055;229;262
"31.03.2024";4;"Ost";41;"Resse";10682;1309;1235
"31.03.2024";5;"Süd";52;"Rotthausen";9746;1620;4851
"31.03.2024";5;"Süd";51;"Ückendorf";14758;2724;6239
"31.03.2024";5;"Süd";50;"Neustadt";2611;922;2203
"31.12.2023";1;"Mitte";10;"Altstadt";5871;1615;4645
"31.12.2023";1;"Mitte";11;"Schalke";13350;3726;9267
"31.12.2023";1;"Mitte";16;"Heßler";4778;635;937
"31.12.2023";1;"Mitte";12;"Schalke-Nord";2600;539;2107
"31.12.2023";1;"Mitte";14;"Bulmke-Hüllen";16569;4570;10005
"31.12.2023";1;"Mitte";15;"Feldmark";8325;1409;2762
"31.12.2023";1;"Mitte";13;"Bismarck";12124;2524;4438
"31.12.2023";2;"Nord";22;"Hassel";11677;2601;3833
"31.12.2023";2;"Nord";21;"Scholven";7746;1291;1692
"31.12.2023";2;"Nord";20;"Buer";28036;4479;5001
"31.12.2023";3;"West";31;"Beckhausen";12022;2141;2263
"31.12.2023";3;"West";30;"Horst";15427;3384;5448
"31.12.2023";4;"Ost";40;"Erle";21775;2954;3748
"31.12.2023";4;"Ost";42;"Resser Mark";3064;230;258
"31.12.2023";4;"Ost";41;"Resse";10723;1302;1203
"31.12.2023";5;"Süd";52;"Rotthausen";9744;1597;4840
"31.12.2023";5;"Süd";51;"Ückendorf";14802;2703;6213
"31.12.2023";5;"Süd";50;"Neustadt";2631;918;2207
"30.09.2023";1;"Mitte";13;"Bismarck";12171;2528;4383
"30.09.2023";1;"Mitte";11;"Schalke";13403;3680;9244
"30.09.2023";1;"Mitte";16;"Heßler";4759;627;920
"30.09.2023";1;"Mitte";12;"Schalke-Nord";2582;527;2101
"30.09.2023";1;"Mitte";10;"Altstadt";5886;1594;4554
"30.09.2023";1;"Mitte";15;"Feldmark";8390;1414;2708
"30.09.2023";1;"Mitte";14;"Bulmke-Hüllen";16693;4535;9794
"30.09.2023";2;"Nord";21;"Scholven";7736;1266;1609
"30.09.2023";2;"Nord";20;"Buer";28063;4452;4948
"30.09.2023";2;"Nord";22;"Hassel";11696;2587;3766
"30.09.2023";3;"West";31;"Beckhausen";12019;2103;2212
"30.09.2023";3;"West";30;"Horst";15474;3376;5353
"30.09.2023";4;"Ost";41;"Resse";10722;1284;1188
"30.09.2023";4;"Ost";40;"Erle";21738;2927;3567
"30.09.2023";4;"Ost";42;"Resser Mark";3065;229;262
"30.09.2023";5;"Süd";52;"Rotthausen";9674;1563;4758
"30.09.2023";5;"Süd";51;"Ückendorf";14823;2679;6109
"30.09.2023";5;"Süd";50;"Neustadt";2652;923;2162
"30.06.2023";1;"Mitte";10;"Altstadt";5911;1577;4493
"30.06.2023";1;"Mitte";13;"Bismarck";12156;2525;4330
"30.06.2023";1;"Mitte";11;"Schalke";13438;3642;9151
"30.06.2023";1;"Mitte";16;"Heßler";4750;622;950
"30.06.2023";1;"Mitte";12;"Schalke-Nord";2599;532;2075
"30.06.2023";1;"Mitte";15;"Feldmark";8412;1406;2719
"30.06.2023";1;"Mitte";14;"Bulmke-Hüllen";16756;4501;9639
"30.06.2023";2;"Nord";21;"Scholven";7714;1270;1613
"30.06.2023";2;"Nord";20;"Buer";28033;4418;4862
"30.06.2023";2;"Nord";22;"Hassel";11670;2547;3738
"30.06.2023";3;"West";31;"Beckhausen";12016;2069;2165
"30.06.2023";3;"West";30;"Horst";15377;3350;5324
"30.06.2023";4;"Ost";41;"Resse";10697;1259;1154
"30.06.2023";4;"Ost";40;"Erle";21731;2896;3466
"30.06.2023";4;"Ost";42;"Resser Mark";3045;218;258
"30.06.2023";5;"Süd";52;"Rotthausen";9654;1524;4723
"30.06.2023";5;"Süd";51;"Ückendorf";14797;2638;6019
"30.06.2023";5;"Süd";50;"Neustadt";2667;918;2202
"31.03.2023";1;"Mitte";10;"Altstadt";5901;1548;4442
"31.03.2023";1;"Mitte";15;"Feldmark";8427;1391;2631
"31.03.2023";1;"Mitte";13;"Bismarck";12155;2478;4292
"31.03.2023";1;"Mitte";11;"Schalke";13406;3591;9092
"31.03.2023";1;"Mitte";16;"Heßler";4746;617;976
"31.03.2023";1;"Mitte";12;"Schalke-Nord";2585;520;2130
"31.03.2023";1;"Mitte";14;"Bulmke-Hüllen";16717;4435;9624
"31.03.2023";2;"Nord";21;"Scholven";7768;1260;1572
"31.03.2023";2;"Nord";22;"Hassel";11629;2508;3675
"31.03.2023";2;"Nord";20;"Buer";28056;4375;4795
"31.03.2023";3;"West";31;"Beckhausen";12005;2038;2138
"31.03.2023";3;"West";30;"Horst";15348;3305;5215
"31.03.2023";4;"Ost";40;"Erle";21814;2875;3484
"31.03.2023";4;"Ost";42;"Resser Mark";3058;218;255
"31.03.2023";4;"Ost";41;"Resse";10678;1238;1137
"31.03.2023";5;"Süd";52;"Rotthausen";9721;1518;4703
"31.03.2023";5;"Süd";51;"Ückendorf";14778;2621;5992
"31.03.2023";5;"Süd";50;"Neustadt";2682;922;2212
"31.12.2022";1;"Mitte";10;"Altstadt";5942;1530;4366
"31.12.2022";1;"Mitte";15;"Feldmark";8429;1368;2540
"31.12.2022";1;"Mitte";13;"Bismarck";12158;2450;4201
"31.12.2022";1;"Mitte";11;"Schalke";13358;3512;8921
"31.12.2022";1;"Mitte";16;"Heßler";4735;603;957
"31.12.2022";1;"Mitte";12;"Schalke-Nord";2616;520;2149
"31.12.2022";1;"Mitte";14;"Bulmke-Hüllen";16775;4402;9483
"31.12.2022";2;"Nord";22;"Hassel";11668;2481;3613
"31.12.2022";2;"Nord";21;"Scholven";7763;1246;1581
"31.12.2022";2;"Nord";20;"Buer";28178;4341;4734
"31.12.2022";3;"West";31;"Beckhausen";12068;2038;2108
"31.12.2022";3;"West";30;"Horst";15325;3247;5155
"31.12.2022";4;"Ost";40;"Erle";21851;2841;3331
"31.12.2022";4;"Ost";42;"Resser Mark";3067;214;248
"31.12.2022";4;"Ost";41;"Resse";10679;1222;1108
"31.12.2022";5;"Süd";52;"Rotthausen";9725;1490;4629
"31.12.2022";5;"Süd";51;"Ückendorf";14771;2563;5944
"31.12.2022";5;"Süd";50;"Neustadt";2699;924;2178
"30.09.2022";1;"Mitte";12;"Schalke-Nord";2630;519;2107
"30.09.2022";1;"Mitte";10;"Altstadt";5990;1520;4259
"30.09.2022";1;"Mitte";14;"Bulmke-Hüllen";16850;4346;9439
"30.09.2022";1;"Mitte";13;"Bismarck";12159;2433;4125
"30.09.2022";1;"Mitte";11;"Schalke";13384;3486;8688
"30.09.2022";1;"Mitte";16;"Heßler";4734;582;931
"30.09.2022";1;"Mitte";15;"Feldmark";8447;1364;2455
"30.09.2022";2;"Nord";21;"Scholven";7744;1225;1401
"30.09.2022";2;"Nord";22;"Hassel";11665;2468;3607
"30.09.2022";2;"Nord";20;"Buer";28208;4297;4669
"30.09.2022";3;"West";31;"Beckhausen";12099;2024;2083
"30.09.2022";3;"West";30;"Horst";15342;3212;5041
"30.09.2022";4;"Ost";41;"Resse";10722;1214;1090
"30.09.2022";4;"Ost";40;"Erle";21869;2805;3381
"30.09.2022";4;"Ost";42;"Resser Mark";3092;218;247
"30.09.2022";5;"Süd";52;"Rotthausen";9757;1482;4522
"30.09.2022";5;"Süd";51;"Ückendorf";14745;2516;5854
"30.09.2022";5;"Süd";50;"Neustadt";2690;903;2132
"30.06.2022";1;"Mitte";10;"Altstadt";6021;1508;4252
"30.06.2022";1;"Mitte";12;"Schalke-Nord";2618;506;2069
"30.06.2022";1;"Mitte";15;"Feldmark";8427;1346;2450
"30.06.2022";1;"Mitte";14;"Bulmke-Hüllen";16925;4313;9223
"30.06.2022";1;"Mitte";13;"Bismarck";12168;2426;3996
"30.06.2022";1;"Mitte";11;"Schalke";13474;3500;8477
"30.06.2022";1;"Mitte";16;"Heßler";4730;568;904
"30.06.2022";2;"Nord";22;"Hassel";11656;2445;3590
"30.06.2022";2;"Nord";21;"Scholven";7770;1228;1416
"30.06.2022";2;"Nord";20;"Buer";28197;4261;4620
"30.06.2022";3;"West";31;"Beckhausen";12112;2005;2065
"30.06.2022";3;"West";30;"Horst";15381;3171;4896
"30.06.2022";4;"Ost";40;"Erle";21998;2797;3503
"30.06.2022";4;"Ost";42;"Resser Mark";3068;215;241
"30.06.2022";4;"Ost";41;"Resse";10730;1199;1063
"30.06.2022";5;"Süd";52;"Rotthausen";9744;1461;4415
"30.06.2022";5;"Süd";51;"Ückendorf";14752;2484;5791
"30.06.2022";5;"Süd";50;"Neustadt";2699;892;2114
"31.03.2022";1;"Mitte";15;"Feldmark";8394;1317;2354
"31.03.2022";1;"Mitte";14;"Bulmke-Hüllen";17002;4295;8927
"31.03.2022";1;"Mitte";13;"Bismarck";12148;2382;3927
"31.03.2022";1;"Mitte";11;"Schalke";13518;3471;8396
"31.03.2022";1;"Mitte";16;"Heßler";4753;565;882
"31.03.2022";1;"Mitte";12;"Schalke-Nord";2624;503;2073
"31.03.2022";1;"Mitte";10;"Altstadt";6066;1494;4270
"31.03.2022";2;"Nord";20;"Buer";28243;4261;4430
"31.03.2022";2;"Nord";22;"Hassel";11682;2426;3521
"31.03.2022";2;"Nord";21;"Scholven";7783;1212;1342
"31.03.2022";3;"West";30;"Horst";15429;3163;4824
"31.03.2022";3;"West";31;"Beckhausen";12117;1984;2005
"31.03.2022";4;"Ost";41;"Resse";10696;1166;1023
"31.03.2022";4;"Ost";40;"Erle";22053;2774;3184
"31.03.2022";4;"Ost";42;"Resser Mark";3065;206;238
"31.03.2022";5;"Süd";52;"Rotthausen";9818;1453;4364
"31.03.2022";5;"Süd";51;"Ückendorf";14772;2461;5779
"31.03.2022";5;"Süd";50;"Neustadt";2693;895;2094
"31.12.2021";1;"Mitte";10;"Altstadt";6102;1475;4167
"31.12.2021";1;"Mitte";15;"Feldmark";8359;1286;2298
"31.12.2021";1;"Mitte";14;"Bulmke-Hüllen";17084;4292;8752
"31.12.2021";1;"Mitte";13;"Bismarck";12148;2353;3870
"31.12.2021";1;"Mitte";11;"Schalke";13555;3434;8266
"31.12.2021";1;"Mitte";16;"Heßler";4779;553;856
"31.12.2021";1;"Mitte";12;"Schalke-Nord";2617;491;2029
"31.12.2021";2;"Nord";21;"Scholven";7803;1207;1257
"31.12.2021";2;"Nord";20;"Buer";28366;4234;4372
"31.12.2021";2;"Nord";22;"Hassel";11711;2413;3528
"31.12.2021";3;"West";31;"Beckhausen";12200;1975;1965
"31.12.2021";3;"West";30;"Horst";15533;3178;4867
"31.12.2021";4;"Ost";41;"Resse";10659;1145;1011
"31.12.2021";4;"Ost";40;"Erle";22090;2743;3106
"31.12.2021";4;"Ost";42;"Resser Mark";3054;207;238
"31.12.2021";5;"Süd";52;"Rotthausen";9874;1451;4300
"31.12.2021";5;"Süd";51;"Ückendorf";14809;2429;5729
"31.12.2021";5;"Süd";50;"Neustadt";2709;893;2053
"30.09.2021";1;"Mitte";13;"Bismarck";12093;2306;3826
"30.09.2021";1;"Mitte";10;"Altstadt";6106;1445;4090
"30.09.2021";1;"Mitte";15;"Feldmark";8355;1270;2195
"30.09.2021";1;"Mitte";14;"Bulmke-Hüllen";17160;4264;8669
"30.09.2021";1;"Mitte";11;"Schalke";13583;3417;8099
"30.09.2021";1;"Mitte";16;"Heßler";4778;541;858
"30.09.2021";1;"Mitte";12;"Schalke-Nord";2649;510;1949
"30.09.2021";2;"Nord";22;"Hassel";11812;2395;3503
"30.09.2021";2;"Nord";21;"Scholven";7781;1193;1246
"30.09.2021";2;"Nord";20;"Buer";28356;4221;4329
"30.09.2021";3;"West";30;"Horst";15536;3132;4772
"30.09.2021";3;"West";31;"Beckhausen";12203;1966;1927
"30.09.2021";4;"Ost";41;"Resse";10574;1131;1023
"30.09.2021";4;"Ost";40;"Erle";22171;2731;3069
"30.09.2021";4;"Ost";42;"Resser Mark";3059;209;231
"30.09.2021";5;"Süd";52;"Rotthausen";9893;1441;4232
"30.09.2021";5;"Süd";51;"Ückendorf";14849;2417;5659
"30.09.2021";5;"Süd";50;"Neustadt";2725;896;2046
"30.06.2021";1;"Mitte";10;"Altstadt";6136;1443;4088
"30.06.2021";1;"Mitte";12;"Schalke-Nord";2646;499;1923
"30.06.2021";1;"Mitte";15;"Feldmark";8334;1269;2210
"30.06.2021";1;"Mitte";14;"Bulmke-Hüllen";17087;4175;8526
"30.06.2021";1;"Mitte";13;"Bismarck";12081;2264;3819
"30.06.2021";1;"Mitte";11;"Schalke";13589;3403;7947
"30.06.2021";1;"Mitte";16;"Heßler";4811;544;838
"30.06.2021";2;"Nord";22;"Hassel";11823;2357;3492
"30.06.2021";2;"Nord";21;"Scholven";7797;1195;1243
"30.06.2021";2;"Nord";20;"Buer";28461;4202;4292
"30.06.2021";3;"West";31;"Beckhausen";12235;1953;1926
"30.06.2021";3;"West";30;"Horst";15552;3104;4700
"30.06.2021";4;"Ost";40;"Erle";22239;2715;3011
"30.06.2021";4;"Ost";42;"Resser Mark";3065;209;233
"30.06.2021";4;"Ost";41;"Resse";10561;1120;1035
"30.06.2021";5;"Süd";52;"Rotthausen";10017;1448;4236
"30.06.2021";5;"Süd";51;"Ückendorf";14913;2385;5584
"30.06.2021";5;"Süd";50;"Neustadt";2766;903;2006
"31.03.2021";1;"Mitte";10;"Altstadt";6179;1444;4031
"31.03.2021";1;"Mitte";11;"Schalke";13713;3406;7797
"31.03.2021";1;"Mitte";16;"Heßler";4812;528;830
"31.03.2021";1;"Mitte";12;"Schalke-Nord";2671;500;1907
"31.03.2021";1;"Mitte";14;"Bulmke-Hüllen";17125;4158;8453
"31.03.2021";1;"Mitte";15;"Feldmark";8329;1265;2240
"31.03.2021";1;"Mitte";13;"Bismarck";12104;2248;3796
"31.03.2021";2;"Nord";21;"Scholven";7792;1171;1211
"31.03.2021";2;"Nord";22;"Hassel";11807;2317;3440
"31.03.2021";2;"Nord";20;"Buer";28530;4214;4316
"31.03.2021";3;"West";31;"Beckhausen";12275;1945;1874
"31.03.2021";3;"West";30;"Horst";15574;3070;4639
"31.03.2021";4;"Ost";40;"Erle";22296;2697;2977
"31.03.2021";4;"Ost";42;"Resser Mark";3070;206;228
"31.03.2021";4;"Ost";41;"Resse";10517;1099;1009
"31.03.2021";5;"Süd";52;"Rotthausen";10000;1427;4166
"31.03.2021";5;"Süd";51;"Ückendorf";14998;2384;5535
"31.03.2021";5;"Süd";50;"Neustadt";2785;918;2012
"31.12.2020";1;"Mitte";10;"Altstadt";6243;1436;4064
"31.12.2020";1;"Mitte";11;"Schalke";13792;3379;7662
"31.12.2020";1;"Mitte";16;"Heßler";4818;522;818
"31.12.2020";1;"Mitte";12;"Schalke-Nord";2731;504;1889
"31.12.2020";1;"Mitte";14;"Bulmke-Hüllen";17084;4091;8340
"31.12.2020";1;"Mitte";15;"Feldmark";8393;1256;2212
"31.12.2020";1;"Mitte";13;"Bismarck";12105;2226;3762
"31.12.2020";2;"Nord";22;"Hassel";11822;2306;3405
"31.12.2020";2;"Nord";21;"Scholven";7821;1175;1175
"31.12.2020";2;"Nord";20;"Buer";28570;4179;4329
"31.12.2020";3;"West";31;"Beckhausen";12293;1917;1853
"31.12.2020";3;"West";30;"Horst";15608;3056;4629
"31.12.2020";4;"Ost";40;"Erle";22362;2634;2990
"31.12.2020";4;"Ost";42;"Resser Mark";3107;202;229
"31.12.2020";4;"Ost";41;"Resse";10463;1085;1009
"31.12.2020";5;"Süd";52;"Rotthausen";10078;1428;4064
"31.12.2020";5;"Süd";51;"Ückendorf";14998;2330;5460
"31.12.2020";5;"Süd";50;"Neustadt";2810;918;1946
"30.09.2020";1;"Mitte";13;"Bismarck";12153;2198;3731
"30.09.2020";1;"Mitte";11;"Schalke";13986;3408;7506
"30.09.2020";1;"Mitte";16;"Heßler";4805;522;826
"30.09.2020";1;"Mitte";12;"Schalke-Nord";2774;508;1880
"30.09.2020";1;"Mitte";10;"Altstadt";6342;1427;4027
"30.09.2020";1;"Mitte";15;"Feldmark";8464;1239;2165
"30.09.2020";1;"Mitte";14;"Bulmke-Hüllen";17113;4057;8233
"30.09.2020";2;"Nord";21;"Scholven";7788;1157;1183
"30.09.2020";2;"Nord";20;"Buer";28667;4175;4318
"30.09.2020";2;"Nord";22;"Hassel";11809;2279;3364
"30.09.2020";3;"West";31;"Beckhausen";12352;1889;1822
"30.09.2020";3;"West";30;"Horst";15583;3022;4437
"30.09.2020";4;"Ost";41;"Resse";10464;1072;1017
"30.09.2020";4;"Ost";40;"Erle";22446;2638;2976
"30.09.2020";4;"Ost";42;"Resser Mark";3107;206;229
"30.09.2020";5;"Süd";52;"Rotthausen";10130;1427;3938
"30.09.2020";5;"Süd";51;"Ückendorf";14963;2280;5361
"30.09.2020";5;"Süd";50;"Neustadt";2856;935;1914
"30.06.2020";1;"Mitte";10;"Altstadt";6417;1428;3965
"30.06.2020";1;"Mitte";14;"Bulmke-Hüllen";17178;4053;8046
"30.06.2020";1;"Mitte";13;"Bismarck";12168;2166;3661
"30.06.2020";1;"Mitte";11;"Schalke";14052;3404;7379
"30.06.2020";1;"Mitte";16;"Heßler";4803;512;838
"30.06.2020";1;"Mitte";12;"Schalke-Nord";2793;508;1846
"30.06.2020";1;"Mitte";15;"Feldmark";8487;1226;2116
"30.06.2020";2;"Nord";22;"Hassel";11785;2250;3309
"30.06.2020";2;"Nord";21;"Scholven";7834;1151;1142
"30.06.2020";2;"Nord";20;"Buer";28627;4133;4297
"30.06.2020";3;"West";31;"Beckhausen";12383;1897;1799
"30.06.2020";3;"West";30;"Horst";15661;2993;4431
"30.06.2020";4;"Ost";41;"Resse";10460;1068;1014
"30.06.2020";4;"Ost";40;"Erle";22525;2637;2966
"30.06.2020";4;"Ost";42;"Resser Mark";3091;206;223
"30.06.2020";5;"Süd";51;"Ückendorf";14996;2273;5262
"30.06.2020";5;"Süd";50;"Neustadt";2865;922;1873
"30.06.2020";5;"Süd";52;"Rotthausen";10163;1432;3859
"31.03.2020";1;"Mitte";10;"Altstadt";6491;1452;3948
"31.03.2020";1;"Mitte";11;"Schalke";14100;3383;7330
"31.03.2020";1;"Mitte";16;"Heßler";4819;509;836
"31.03.2020";1;"Mitte";12;"Schalke-Nord";2795;499;1828
"31.03.2020";1;"Mitte";15;"Feldmark";8512;1221;2090
"31.03.2020";1;"Mitte";14;"Bulmke-Hüllen";17214;4039;7976
"31.03.2020";1;"Mitte";13;"Bismarck";12142;2139;3652
"31.03.2020";2;"Nord";21;"Scholven";7873;1168;1140
"31.03.2020";2;"Nord";22;"Hassel";11806;2234;3286
"31.03.2020";2;"Nord";20;"Buer";28743;4127;4285
"31.03.2020";3;"West";31;"Beckhausen";12416;1883;1788
"31.03.2020";3;"West";30;"Horst";15668;2981;4371
"31.03.2020";4;"Ost";40;"Erle";22600;2638;2956
"31.03.2020";4;"Ost";42;"Resser Mark";3079;200;220
"31.03.2020";4;"Ost";41;"Resse";10451;1052;1019
"31.03.2020";5;"Süd";51;"Ückendorf";14983;2241;5212
"31.03.2020";5;"Süd";50;"Neustadt";2850;903;1844
"31.03.2020";5;"Süd";52;"Rotthausen";10239;1430;3883
"31.12.2019";1;"Mitte";10;"Altstadt";6537;1434;3951
"31.12.2019";1;"Mitte";15;"Feldmark";8549;1223;2106
"31.12.2019";1;"Mitte";14;"Bulmke-Hüllen";17269;4041;7942
"31.12.2019";1;"Mitte";13;"Bismarck";12182;2121;3638
"31.12.2019";1;"Mitte";11;"Schalke";14158;3356;7320
"31.12.2019";1;"Mitte";16;"Heßler";4844;503;824
"31.12.2019";1;"Mitte";12;"Schalke-Nord";2812;492;1767
"31.12.2019";2;"Nord";21;"Scholven";7887;1168;1120
"31.12.2019";2;"Nord";20;"Buer";28821;4116;4288
"31.12.2019";2;"Nord";22;"Hassel";11826;2218;3258
"31.12.2019";3;"West";31;"Beckhausen";12478;1862;1775
"31.12.2019";3;"West";30;"Horst";15721;2958;4339
"31.12.2019";4;"Ost";41;"Resse";10410;1037;1013
"31.12.2019";4;"Ost";40;"Erle";22660;2624;2953
"31.12.2019";4;"Ost";42;"Resser Mark";3104;210;224
"31.12.2019";5;"Süd";52;"Rotthausen";10278;1415;3880
"31.12.2019";5;"Süd";51;"Ückendorf";15055;2237;5119
"31.12.2019";5;"Süd";50;"Neustadt";2850;892;1828
"30.09.2019";1;"Mitte";12;"Schalke-Nord";2807;482;1715
"30.09.2019";1;"Mitte";10;"Altstadt";6539;1433;3984
"30.09.2019";1;"Mitte";15;"Feldmark";8541;1209;2051
"30.09.2019";1;"Mitte";14;"Bulmke-Hüllen";17301;4010;7828
"30.09.2019";1;"Mitte";13;"Bismarck";12302;2113;3580
"30.09.2019";1;"Mitte";11;"Schalke";14209;3360;7232
"30.09.2019";1;"Mitte";16;"Heßler";4882;509;814
"30.09.2019";2;"Nord";22;"Hassel";11794;2196;3234
"30.09.2019";2;"Nord";21;"Scholven";7930;1164;1054
"30.09.2019";2;"Nord";20;"Buer";28962;4111;4264
"30.09.2019";3;"West";31;"Beckhausen";12490;1863;1734
"30.09.2019";3;"West";30;"Horst";15759;2929;4244
"30.09.2019";4;"Ost";40;"Erle";22652;2609;2922
"30.09.2019";4;"Ost";42;"Resser Mark";3102;205;224
"30.09.2019";4;"Ost";41;"Resse";10392;1025;1020
"30.09.2019";5;"Süd";52;"Rotthausen";10290;1407;3790
"30.09.2019";5;"Süd";51;"Ückendorf";15043;2213;5060
"30.09.2019";5;"Süd";50;"Neustadt";2874;888;1779
"30.06.2019";1;"Mitte";10;"Altstadt";6679;1460;3984
"30.06.2019";1;"Mitte";11;"Schalke";14272;3350;7061
"30.06.2019";1;"Mitte";16;"Heßler";4917;508;828
"30.06.2019";1;"Mitte";12;"Schalke-Nord";2841;476;1729
"30.06.2019";1;"Mitte";15;"Feldmark";8533;1200;2018
"30.06.2019";1;"Mitte";14;"Bulmke-Hüllen";17379;3995;7742
"30.06.2019";1;"Mitte";13;"Bismarck";12342;2100;3595
"30.06.2019";2;"Nord";22;"Hassel";11871;2179;3235
"30.06.2019";2;"Nord";21;"Scholven";7907;1145;1028
"30.06.2019";2;"Nord";20;"Buer";29017;4075;4224
"30.06.2019";3;"West";31;"Beckhausen";12484;1832;1695
"30.06.2019";3;"West";30;"Horst";15809;2918;4282
"30.06.2019";4;"Ost";40;"Erle";22702;2617;2906
"30.06.2019";4;"Ost";42;"Resser Mark";3077;201;226
"30.06.2019";4;"Ost";41;"Resse";10394;993;1010
"30.06.2019";5;"Süd";51;"Ückendorf";15142;2209;5015
"30.06.2019";5;"Süd";50;"Neustadt";2912;886;1755
"30.06.2019";5;"Süd";52;"Rotthausen";10236;1386;3727
"31.03.2019";1;"Mitte";10;"Altstadt";6721;1455;3910
"31.03.2019";1;"Mitte";14;"Bulmke-Hüllen";17394;3974;7714
"31.03.2019";1;"Mitte";13;"Bismarck";12383;2068;3560
"31.03.2019";1;"Mitte";11;"Schalke";14310;3332;7034
"31.03.2019";1;"Mitte";16;"Heßler";4934;514;824
"31.03.2019";1;"Mitte";12;"Schalke-Nord";2842;469;1716
"31.03.2019";1;"Mitte";15;"Feldmark";8567;1193;1976
"31.03.2019";2;"Nord";21;"Scholven";7950;1146;1037
"31.03.2019";2;"Nord";22;"Hassel";11920;2167;3251
"31.03.2019";2;"Nord";20;"Buer";29095;4074;4208
"31.03.2019";3;"West";31;"Beckhausen";12497;1813;1645
"31.03.2019";3;"West";30;"Horst";15853;2907;4257
"31.03.2019";4;"Ost";41;"Resse";10395;971;996
"31.03.2019";4;"Ost";40;"Erle";22815;2594;2844
"31.03.2019";4;"Ost";42;"Resser Mark";3069;194;226
"31.03.2019";5;"Süd";51;"Ückendorf";15151;2171;4922
"31.03.2019";5;"Süd";50;"Neustadt";2931;884;1706
"31.03.2019";5;"Süd";52;"Rotthausen";10292;1388;3697
"31.12.2018";1;"Mitte";10;"Altstadt";6771;1460;3927
"31.12.2018";1;"Mitte";12;"Schalke-Nord";2867;460;1763
"31.12.2018";1;"Mitte";15;"Feldmark";8579;1182;1886
"31.12.2018";1;"Mitte";14;"Bulmke-Hüllen";17464;3948;7654
"31.12.2018";1;"Mitte";13;"Bismarck";12404;2064;3523
"31.12.2018";1;"Mitte";11;"Schalke";14364;3294;7005
"31.12.2018";1;"Mitte";16;"Heßler";4930;506;833
"31.12.2018";2;"Nord";22;"Hassel";11864;2132;3242
"31.12.2018";2;"Nord";21;"Scholven";7989;1141;1078
"31.12.2018";2;"Nord";20;"Buer";29144;4048;4266
"31.12.2018";3;"West";31;"Beckhausen";12608;1827;1691
"31.12.2018";3;"West";30;"Horst";15853;2869;4284
"31.12.2018";4;"Ost";40;"Erle";22906;2583;2823
"31.12.2018";4;"Ost";42;"Resser Mark";3089;193;222
"31.12.2018";4;"Ost";41;"Resse";10392;954;995
"31.12.2018";5;"Süd";52;"Rotthausen";10353;1364;3670
"31.12.2018";5;"Süd";51;"Ückendorf";15227;2166;4963
"31.12.2018";5;"Süd";50;"Neustadt";2961;887;1714
"30.09.2018";1;"Mitte";15;"Feldmark";8551;1155;1827
"30.09.2018";1;"Mitte";14;"Bulmke-Hüllen";17533;3925;7518
"30.09.2018";1;"Mitte";13;"Bismarck";12458;2058;3507
"30.09.2018";1;"Mitte";11;"Schalke";14449;3268;6977
"30.09.2018";1;"Mitte";16;"Heßler";4933;488;818
"30.09.2018";1;"Mitte";12;"Schalke-Nord";2884;470;1686
"30.09.2018";1;"Mitte";10;"Altstadt";6766;1431;3879
"30.09.2018";2;"Nord";20;"Buer";29189;4019;4242
"30.09.2018";2;"Nord";22;"Hassel";11848;2104;3209
"30.09.2018";2;"Nord";21;"Scholven";8008;1131;1095
"30.09.2018";3;"West";30;"Horst";15865;2837;4228
"30.09.2018";3;"West";31;"Beckhausen";12640;1833;1682
"30.09.2018";4;"Ost";41;"Resse";10384;937;989
"30.09.2018";4;"Ost";40;"Erle";22892;2569;2746
"30.09.2018";4;"Ost";42;"Resser Mark";3123;194;225
"30.09.2018";5;"Süd";52;"Rotthausen";10352;1336;3598
"30.09.2018";5;"Süd";51;"Ückendorf";15281;2160;4806
"30.09.2018";5;"Süd";50;"Neustadt";2970;882;1703
"30.06.2018";1;"Mitte";10;"Altstadt";6818;1437;3779
"30.06.2018";1;"Mitte";15;"Feldmark";8585;1143;1880
"30.06.2018";1;"Mitte";14;"Bulmke-Hüllen";17485;3868;7397
"30.06.2018";1;"Mitte";13;"Bismarck";12513;2054;3481
"30.06.2018";1;"Mitte";11;"Schalke";14503;3249;7023
"30.06.2018";1;"Mitte";16;"Heßler";4938;487;823
"30.06.2018";1;"Mitte";12;"Schalke-Nord";2903;469;1646
"30.06.2018";2;"Nord";22;"Hassel";11905;2104;3210
"30.06.2018";2;"Nord";21;"Scholven";8034;1146;1099
"30.06.2018";2;"Nord";20;"Buer";29151;3996;4199
"30.06.2018";3;"West";31;"Beckhausen";12665;1804;1653
"30.06.2018";3;"West";30;"Horst";15886;2800;4196
"30.06.2018";4;"Ost";41;"Resse";10417;927;967
"30.06.2018";4;"Ost";40;"Erle";22942;2562;2660
"30.06.2018";4;"Ost";42;"Resser Mark";3125;190;226
"30.06.2018";5;"Süd";51;"Ückendorf";15285;2121;4803
"30.06.2018";5;"Süd";50;"Neustadt";2986;882;1628
"30.06.2018";5;"Süd";52;"Rotthausen";10337;1324;3540
"31.03.2018";1;"Mitte";10;"Altstadt";6887;1437;3711
"31.03.2018";1;"Mitte";11;"Schalke";14488;3181;6907
"31.03.2018";1;"Mitte";16;"Heßler";4967;484;832
"31.03.2018";1;"Mitte";12;"Schalke-Nord";2953;479;1642
"31.03.2018";1;"Mitte";15;"Feldmark";8612;1138;1866
"31.03.2018";1;"Mitte";14;"Bulmke-Hüllen";17599;3849;7356
"31.03.2018";1;"Mitte";13;"Bismarck";12491;2020;3538
"31.03.2018";2;"Nord";21;"Scholven";8052;1142;1104
"31.03.2018";2;"Nord";22;"Hassel";11920;2084;3186
"31.03.2018";2;"Nord";20;"Buer";29163;3962;4168
"31.03.2018";3;"West";31;"Beckhausen";12716;1797;1648
"31.03.2018";3;"West";30;"Horst";15940;2802;4239
"31.03.2018";4;"Ost";40;"Erle";22922;2534;2628
"31.03.2018";4;"Ost";42;"Resser Mark";3132;187;232
"31.03.2018";4;"Ost";41;"Resse";10460;923;979
"31.03.2018";5;"Süd";51;"Ückendorf";15356;2112;4812
"31.03.2018";5;"Süd";50;"Neustadt";3000;884;1606
"31.03.2018";5;"Süd";52;"Rotthausen";10332;1319;3500
"31.12.2017";1;"Mitte";10;"Altstadt";6899;1459;3723
"31.12.2017";1;"Mitte";13;"Bismarck";12493;2002;3489
"31.12.2017";1;"Mitte";11;"Schalke";14538;3142;6732
"31.12.2017";1;"Mitte";16;"Heßler";4987;480;793
"31.12.2017";1;"Mitte";12;"Schalke-Nord";2964;470;1659
"31.12.2017";1;"Mitte";15;"Feldmark";8633;1137;1889
"31.12.2017";1;"Mitte";14;"Bulmke-Hüllen";17659;3801;7260
"31.12.2017";2;"Nord";21;"Scholven";8034;1148;1094
"31.12.2017";2;"Nord";20;"Buer";29216;3931;4135
"31.12.2017";2;"Nord";22;"Hassel";11913;2052;3121
"31.12.2017";3;"West";31;"Beckhausen";12785;1788;1630
"31.12.2017";3;"West";30;"Horst";16042;2801;4261
"31.12.2017";4;"Ost";41;"Resse";10478;928;978
"31.12.2017";4;"Ost";40;"Erle";23018;2523;2597
"31.12.2017";4;"Ost";42;"Resser Mark";3141;182;228
"31.12.2017";5;"Süd";52;"Rotthausen";10393;1306;3459
"31.12.2017";5;"Süd";51;"Ückendorf";15385;2079;4718
"31.12.2017";5;"Süd";50;"Neustadt";3039;891;1588
"30.09.2017";1;"Mitte";12;"Schalke-Nord";2981;468;1627
"30.09.2017";1;"Mitte";10;"Altstadt";6961;1463;3792
"30.09.2017";1;"Mitte";15;"Feldmark";8691;1128;1887
"30.09.2017";1;"Mitte";14;"Bulmke-Hüllen";17735;3781;7090
"30.09.2017";1;"Mitte";13;"Bismarck";12531;1996;3444
"30.09.2017";1;"Mitte";11;"Schalke";14563;3126;6639
"30.09.2017";1;"Mitte";16;"Heßler";4967;476;799
"30.09.2017";2;"Nord";22;"Hassel";11876;2010;3083
"30.09.2017";2;"Nord";20;"Buer";29222;3902;4168
"30.09.2017";2;"Nord";21;"Scholven";8068;1141;1156
"30.09.2017";3;"West";31;"Beckhausen";12771;1788;1631
"30.09.2017";3;"West";30;"Horst";16057;2776;4177
"30.09.2017";4;"Ost";40;"Erle";23078;2516;2585
"30.09.2017";4;"Ost";42;"Resser Mark";3125;176;224
"30.09.2017";4;"Ost";41;"Resse";10493;929;962
"30.09.2017";5;"Süd";52;"Rotthausen";10437;1296;3371
"30.09.2017";5;"Süd";51;"Ückendorf";15377;2053;4636
"30.09.2017";5;"Süd";50;"Neustadt";3058;884;1613
"30.06.2017";1;"Mitte";10;"Altstadt";7021;1451;3821
"30.06.2017";1;"Mitte";11;"Schalke";14620;3116;6499
"30.06.2017";1;"Mitte";16;"Heßler";4987;480;798
"30.06.2017";1;"Mitte";12;"Schalke-Nord";3025;471;1635
"30.06.2017";1;"Mitte";15;"Feldmark";8703;1122;1855
"30.06.2017";1;"Mitte";14;"Bulmke-Hüllen";17786;3740;7029
"30.06.2017";1;"Mitte";13;"Bismarck";12556;1968;3368
"30.06.2017";2;"Nord";22;"Hassel";11842;1989;3066
"30.06.2017";2;"Nord";21;"Scholven";8104;1142;1172
"30.06.2017";2;"Nord";20;"Buer";29238;3893;4181
"30.06.2017";3;"West";31;"Beckhausen";12729;1770;1613
"30.06.2017";3;"West";30;"Horst";16059;2758;4136
"30.06.2017";4;"Ost";40;"Erle";23152;2495;2516
"30.06.2017";4;"Ost";42;"Resser Mark";3126;175;227
"30.06.2017";4;"Ost";41;"Resse";10513;917;933
"30.06.2017";5;"Süd";51;"Ückendorf";15410;2043;4630
"30.06.2017";5;"Süd";50;"Neustadt";3046;877;1582
"30.06.2017";5;"Süd";52;"Rotthausen";10457;1278;3391
"31.03.2017";1;"Mitte";10;"Altstadt";7075;1460;3845
"31.03.2017";1;"Mitte";15;"Feldmark";8696;1102;1845
"31.03.2017";1;"Mitte";14;"Bulmke-Hüllen";17804;3673;6871
"31.03.2017";1;"Mitte";13;"Bismarck";12571;1943;3374
"31.03.2017";1;"Mitte";11;"Schalke";14676;3105;6465
"31.03.2017";1;"Mitte";16;"Heßler";5030;483;814
"31.03.2017";1;"Mitte";12;"Schalke-Nord";3030;468;1636
"31.03.2017";2;"Nord";22;"Hassel";11857;1988;3065
"31.03.2017";2;"Nord";21;"Scholven";8167;1143;1193
"31.03.2017";2;"Nord";20;"Buer";29290;3884;4212
"31.03.2017";3;"West";30;"Horst";16062;2742;4070
"31.03.2017";3;"West";31;"Beckhausen";12746;1766;1588
"31.03.2017";4;"Ost";41;"Resse";10473;893;939
"31.03.2017";4;"Ost";40;"Erle";23290;2502;2508
"31.03.2017";4;"Ost";42;"Resser Mark";3148;174;233
"31.03.2017";5;"Süd";51;"Ückendorf";15441;2015;4611
"31.03.2017";5;"Süd";50;"Neustadt";3058;876;1555
"31.03.2017";5;"Süd";52;"Rotthausen";10500;1274;3442
"31.12.2016";1;"Mitte";10;"Altstadt";7088;1432;3843
"31.12.2016";1;"Mitte";12;"Schalke-Nord";3063;461;1626
"31.12.2016";1;"Mitte";15;"Feldmark";8727;1073;1758
"31.12.2016";1;"Mitte";14;"Bulmke-Hüllen";17874;3646;6703
"31.12.2016";1;"Mitte";13;"Bismarck";12636;1956;3438
"31.12.2016";1;"Mitte";11;"Schalke";14763;3074;6387
"31.12.2016";1;"Mitte";16;"Heßler";5090;489;833
"31.12.2016";2;"Nord";22;"Hassel";11899;1985;3046
"31.12.2016";2;"Nord";21;"Scholven";8234;1164;1215
"31.12.2016";2;"Nord";20;"Buer";29385;3876;4113
"31.12.2016";3;"West";31;"Beckhausen";12754;1753;1572
"31.12.2016";3;"West";30;"Horst";16122;2690;4046
"31.12.2016";4;"Ost";40;"Erle";23420;2490;2518
"31.12.2016";4;"Ost";42;"Resser Mark";3187;182;243
"31.12.2016";4;"Ost";41;"Resse";10418;868;929
"31.12.2016";5;"Süd";52;"Rotthausen";10511;1262;3353
"31.12.2016";5;"Süd";51;"Ückendorf";15486;1986;4526
"31.12.2016";5;"Süd";50;"Neustadt";3101;888;1528
"30.09.2016";1;"Mitte";13;"Bismarck";12630;1950;3403
"30.09.2016";1;"Mitte";11;"Schalke";14806;3059;6179
"30.09.2016";1;"Mitte";16;"Heßler";5084;487;787
"30.09.2016";1;"Mitte";12;"Schalke-Nord";3092;470;1621
"30.09.2016";1;"Mitte";10;"Altstadt";7120;1438;3753
"30.09.2016";1;"Mitte";15;"Feldmark";8732;1077;1703
"30.09.2016";1;"Mitte";14;"Bulmke-Hüllen";17940;3609;6603
"30.09.2016";2;"Nord";21;"Scholven";8256;1183;1253
"30.09.2016";2;"Nord";20;"Buer";29428;3870;4086
"30.09.2016";2;"Nord";22;"Hassel";11887;1952;3058
"30.09.2016";3;"West";31;"Beckhausen";12710;1728;1549
"30.09.2016";3;"West";30;"Horst";16095;2665;3965
"30.09.2016";4;"Ost";41;"Resse";10410;835;910
"30.09.2016";4;"Ost";40;"Erle";23478;2476;2438
"30.09.2016";4;"Ost";42;"Resser Mark";3227;180;236
"30.09.2016";5;"Süd";52;"Rotthausen";10534;1249;3290
"30.09.2016";5;"Süd";51;"Ückendorf";15484;1960;4394
"30.09.2016";5;"Süd";50;"Neustadt";3132;875;1517
"30.06.2016";1;"Mitte";10;"Altstadt";7210;1446;3863
"30.06.2016";1;"Mitte";14;"Bulmke-Hüllen";18017;3611;6515
"30.06.2016";1;"Mitte";13;"Bismarck";12700;1932;3312
"30.06.2016";1;"Mitte";11;"Schalke";14892;3046;6062
"30.06.2016";1;"Mitte";16;"Heßler";5093;485;812
"30.06.2016";1;"Mitte";12;"Schalke-Nord";3128;473;1644
"30.06.2016";1;"Mitte";15;"Feldmark";8764;1066;1668
"30.06.2016";2;"Nord";22;"Hassel";11920;1932;3040
"30.06.2016";2;"Nord";21;"Scholven";8307;1190;1212
"30.06.2016";2;"Nord";20;"Buer";29425;3824;4081
"30.06.2016";3;"West";31;"Beckhausen";12658;1721;1544
"30.06.2016";3;"West";30;"Horst";16106;2633;3846
"30.06.2016";4;"Ost";41;"Resse";10420;835;884
"30.06.2016";4;"Ost";40;"Erle";23529;2487;2418
"30.06.2016";4;"Ost";42;"Resser Mark";3247;176;232
"30.06.2016";5;"Süd";51;"Ückendorf";15398;1914;4370
"30.06.2016";5;"Süd";50;"Neustadt";3136;871;1513
"30.06.2016";5;"Süd";52;"Rotthausen";10577;1252;3246
"31.03.2016";1;"Mitte";10;"Altstadt";7246;1446;3790
"31.03.2016";1;"Mitte";11;"Schalke";14916;3034;5805
"31.03.2016";1;"Mitte";16;"Heßler";5089;471;799
"31.03.2016";1;"Mitte";12;"Schalke-Nord";3146;473;1624
"31.03.2016";1;"Mitte";15;"Feldmark";8784;1079;1615
"31.03.2016";1;"Mitte";14;"Bulmke-Hüllen";18060;3581;6222
"31.03.2016";1;"Mitte";13;"Bismarck";12704;1907;3212
"31.03.2016";2;"Nord";21;"Scholven";8330;1192;1220
"31.03.2016";2;"Nord";22;"Hassel";11904;1903;2973
"31.03.2016";2;"Nord";20;"Buer";29479;3822;4070
"31.03.2016";3;"West";31;"Beckhausen";12647;1714;1520
"31.03.2016";3;"West";30;"Horst";16078;2610;3758
"31.03.2016";4;"Ost";40;"Erle";23577;2479;2446
"31.03.2016";4;"Ost";42;"Resser Mark";3245;177;223
"31.03.2016";4;"Ost";41;"Resse";10437;835;901
"31.03.2016";5;"Süd";51;"Ückendorf";15476;1892;4251
"31.03.2016";5;"Süd";50;"Neustadt";3152;867;1459
"31.03.2016";5;"Süd";52;"Rotthausen";10607;1238;3152
"31.12.2015";1;"Mitte";10;"Altstadt";7277;1450;3505
"31.12.2015";1;"Mitte";15;"Feldmark";8829;1074;1541
"31.12.2015";1;"Mitte";14;"Bulmke-Hüllen";18107;3565;6075
"31.12.2015";1;"Mitte";13;"Bismarck";12734;1883;3184
"31.12.2015";1;"Mitte";11;"Schalke";14949;3006;5598
"31.12.2015";1;"Mitte";16;"Heßler";5132;470;770
"31.12.2015";1;"Mitte";12;"Schalke-Nord";3139;474;1547
"31.12.2015";2;"Nord";21;"Scholven";8367;1191;1098
"31.12.2015";2;"Nord";20;"Buer";29545;3783;4068
"31.12.2015";2;"Nord";22;"Hassel";11983;1885;2896
"31.12.2015";3;"West";31;"Beckhausen";12632;1710;1496
"31.12.2015";3;"West";30;"Horst";16137;2571;3496
"31.12.2015";4;"Ost";41;"Resse";10474;833;897
"31.12.2015";4;"Ost";40;"Erle";23636;2465;2328
"31.12.2015";4;"Ost";42;"Resser Mark";3260;170;216
"31.12.2015";5;"Süd";52;"Rotthausen";10658;1243;2978
"31.12.2015";5;"Süd";51;"Ückendorf";15491;1862;4167
"31.12.2015";5;"Süd";50;"Neustadt";3152;854;1472
"30.09.2015";1;"Mitte";12;"Schalke-Nord";3150;466;1276
"30.09.2015";1;"Mitte";10;"Altstadt";7329;1459;3059
"30.09.2015";1;"Mitte";15;"Feldmark";8828;1059;1437
"30.09.2015";1;"Mitte";14;"Bulmke-Hüllen";18210;3551;5952
"30.09.2015";1;"Mitte";13;"Bismarck";12755;1856;3065
"30.09.2015";1;"Mitte";11;"Schalke";15011;2998;5232
"30.09.2015";1;"Mitte";16;"Heßler";5127;472;754
"30.09.2015";2;"Nord";22;"Hassel";12010;1871;2855
"30.09.2015";2;"Nord";21;"Scholven";8371;1178;1061
"30.09.2015";2;"Nord";20;"Buer";29645;3784;4005
"30.09.2015";3;"West";31;"Beckhausen";12625;1689;1446
"30.09.2015";3;"West";30;"Horst";16162;2546;3323
"30.09.2015";4;"Ost";40;"Erle";23676;2459;2066
"30.09.2015";4;"Ost";42;"Resser Mark";3278;179;215
"30.09.2015";4;"Ost";41;"Resse";10498;826;892
"30.09.2015";5;"Süd";52;"Rotthausen";10689;1238;2853
"30.09.2015";5;"Süd";51;"Ückendorf";15493;1857;3864
"30.09.2015";5;"Süd";50;"Neustadt";3144;854;1450
"30.06.2015";1;"Mitte";10;"Altstadt";7329;1438;2996
"30.06.2015";1;"Mitte";11;"Schalke";15103;3012;5050
"30.06.2015";1;"Mitte";16;"Heßler";5138;467;731
"30.06.2015";1;"Mitte";12;"Schalke-Nord";3169;460;1197
"30.06.2015";1;"Mitte";15;"Feldmark";8864;1039;1390
"30.06.2015";1;"Mitte";14;"Bulmke-Hüllen";18212;3489;5682
"30.06.2015";1;"Mitte";13;"Bismarck";12770;1851;3033
"30.06.2015";2;"Nord";22;"Hassel";12050;1847;2791
"30.06.2015";2;"Nord";21;"Scholven";8451;1185;968
"30.06.2015";2;"Nord";20;"Buer";29706;3747;3912
"30.06.2015";3;"West";31;"Beckhausen";12628;1678;1356
"30.06.2015";3;"West";30;"Horst";16214;2539;3258
"30.06.2015";4;"Ost";40;"Erle";23687;2429;2018
"30.06.2015";4;"Ost";42;"Resser Mark";3287;171;218
"30.06.2015";4;"Ost";41;"Resse";10507;819;880
"30.06.2015";5;"Süd";51;"Ückendorf";15604;1860;3740
"30.06.2015";5;"Süd";50;"Neustadt";3123;834;1392
"30.06.2015";5;"Süd";52;"Rotthausen";10713;1226;2666
"31.03.2015";1;"Mitte";10;"Altstadt";7353;1437;2901
"31.03.2015";1;"Mitte";14;"Bulmke-Hüllen";18231;3446;5557
"31.03.2015";1;"Mitte";13;"Bismarck";12793;1833;3005
"31.03.2015";1;"Mitte";11;"Schalke";15094;2993;4937
"31.03.2015";1;"Mitte";16;"Heßler";5181;471;715
"31.03.2015";1;"Mitte";12;"Schalke-Nord";3200;465;1199
"31.03.2015";1;"Mitte";15;"Feldmark";8858;1041;1357
"31.03.2015";2;"Nord";21;"Scholven";8469;1197;934
"31.03.2015";2;"Nord";22;"Hassel";12063;1831;2745
"31.03.2015";2;"Nord";20;"Buer";29813;3738;3917
"31.03.2015";3;"West";31;"Beckhausen";12582;1650;1348
"31.03.2015";3;"West";30;"Horst";16298;2532;3182
"31.03.2015";4;"Ost";41;"Resse";10533;820;884
"31.03.2015";4;"Ost";40;"Erle";23745;2420;2008
"31.03.2015";4;"Ost";42;"Resser Mark";3299;169;216
"31.03.2015";5;"Süd";51;"Ückendorf";15662;1866;3571
"31.03.2015";5;"Süd";50;"Neustadt";3130;826;1373
"31.03.2015";5;"Süd";52;"Rotthausen";10711;1219;2630
"31.12.2014";1;"Mitte";10;"Altstadt";7408;1415;2844
"31.12.2014";1;"Mitte";12;"Schalke-Nord";3210;465;1158
"31.12.2014";1;"Mitte";15;"Feldmark";8868;1031;1372
"31.12.2014";1;"Mitte";14;"Bulmke-Hüllen";18354;3431;5346
"31.12.2014";1;"Mitte";13;"Bismarck";12831;1816;2924
"31.12.2014";1;"Mitte";11;"Schalke";15140;2969;4805
"31.12.2014";1;"Mitte";16;"Heßler";5200;467;684
"31.12.2014";2;"Nord";22;"Hassel";12081;1809;2688
"31.12.2014";2;"Nord";21;"Scholven";8517;1199;921
"31.12.2014";2;"Nord";20;"Buer";29775;3721;3834
"31.12.2014";3;"West";31;"Beckhausen";12619;1652;1305
"31.12.2014";3;"West";30;"Horst";16354;2500;3184
"31.12.2014";4;"Ost";40;"Erle";23835;2431;1908
"31.12.2014";4;"Ost";42;"Resser Mark";3304;166;211
"31.12.2014";4;"Ost";41;"Resse";10560;812;870
"31.12.2014";5;"Süd";52;"Rotthausen";10762;1203;2528
"31.12.2014";5;"Süd";51;"Ückendorf";15642;1819;3515
"31.12.2014";5;"Süd";50;"Neustadt";3122;833;1327
